,Unnamed: 0.1,Unnamed: 0,French,English
0,0,0,partie,part
1,1,1,histoire,history
2,2,2,seulement,only
3,3,3,police,police
4,4,4,pensais,thought
5,5,5,demande,request
6,6,6,genre,kind
7,7,7,mois,month
8,8,8,frère,brother
9,9,9,mettre,to put
10,10,10,aucun,no
11,11,11,ville,city
12,12,12,parlé,speak
13,13,13,arrivé,come
14,15,15,bébé,baby
15,16,16,longtemps,long time
16,17,17,heures,hours
17,18,18,revoir,meet again
18,19,19,aucune,any
19,20,20,parle,speak
20,21,21,compris,understood
21,22,22,étaient,were
22,23,23,attention,Warning
23,24,24,voici,here is
24,25,25,pourrais,could
25,26,26,affaire,case
26,27,27,donner,give
27,28,28,type,type
28,29,29,donné,given
29,30,30,train,train
30,31,31,corps,body
31,32,32,endroit,place
32,33,33,façon,way
33,34,34,écoute,listen
34,35,35,dont,whose
35,36,36,trouve,find
36,37,37,premier,first
37,38,38,perdu,lost
38,39,39,main,hand
39,40,40,première,first
40,41,41,côté,side
41,42,42,vieux,old
42,43,43,sois,be
43,44,44,tiens,here
44,45,45,matin,morning
45,46,46,tellement,so much
46,47,47,enfant,child
47,48,49,venu,came
48,49,50,suite,after
49,50,51,pardon,sorry
50,51,52,venez,come
51,52,53,devant,in front of
52,53,54,vers,towards
53,54,55,minutes,minutes
54,55,56,demandé,request
55,56,57,chambre,bedroom
56,57,58,mis,placed
57,58,59,belle,beautiful
58,59,60,droit,law
59,60,61,aimerais,would like to
60,61,62,aujourd'hui,today
61,62,63,mari,husband
62,63,64,cause,cause
63,64,65,enfin,finally
64,65,66,espère,hope
65,66,67,eau,water
66,67,68,nouvelle,new
67,68,69,boulot,job
68,69,70,dirait,would say
69,70,72,donne,given
70,71,73,loin,far
71,72,74,fin,end
72,73,76,gros,large
73,74,77,plutôt,rather
74,76,79,filles,girls
75,77,80,jouer,to play
76,78,81,bureau,office
